0_0_0_0_-1;1.633597E-37;8.667344E-23;2.319638E-30
0_-4_3_-5_-1;7.505777E-20;2.182163;1.656274E-18
-1_-4_3_0_-1;0.08570029;10.13421;0.8047662
-1_-4_3_4_-1;7.377836E-05;2.062733;1.143591E-18
-1_-4_3_-5_-1;0.06367178;9.634581;0.3073824
-2_-4_3_4_-1;6.887788E-28;5.190896E-19;1.16831
-2_-4_3_0_-1;0.009768703;1.691561;4.599159
-2_-4_3_-5_-1;0.1203048;1.141672;4.642378
-3_-4_3_0_-1;-5.858973E-05;-1.047839E-05;-9.079872E-06
-3_-4_3_4_-1;-7.808158E-06;-1.193466E-05;-4.20174E-06
-3_-4_3_-5_-1;-2.645912E-06;-4.11474E-06;-3.862909E-06
-4_-4_3_4_-1;-0.01509001;-0.02402683;-0.0008744856
-4_-4_3_0_-1;-0.02017638;-0.03811111;-0.03871134
-4_-4_3_-5_-1;-0.02268533;-0.02893102;-0.02478619
-5_-4_3_0_-1;-0.02449743;-0.03651497;-0.0336152
-5_-4_3_-5_-1;-0.02140272;-0.03606484;-0.02371011
-5_-4_3_4_-1;-0.02193517;-0.0339818;-0.01707975
-5_3_3_-5_1;-0.4402687;-1.067796;-1.125113
-4_3_3_-5_1;-0.957948;-0.947596;-1.735071
-4_3_3_4_1;-0.8985002;-1.594326;-1.397444
-4_3_3_0_1;-0.0475342;-1.031592;-1.258693
-3_3_3_-5_1;-0.9790142;-1.029719;-1.519655
-3_3_3_0_1;-0.04957604;-1.323725;-1.224699
-3_3_3_4_1;-0.05303718;-1.592746;-1.358561
-2_3_3_0_1;0.1698503;-0.7599362;-0.591409
-2_3_3_-5_1;0.2356343;-0.007722302;-0.3981118
-2_3_3_4_1;-0.6060396;0.3364929;-0.6179822
-2_3_-4_0_1;-5.370448E-39;2.256848E-11;0.708766
-1_3_-4_0_1;0.9884878;0.02869033;6.60888
-1_3_-4_-5_1;3.776129E-05;6.89742;2.146655E-05
0_3_-4_-5_1;7.738401E-05;6.761857;1.063088
0_3_-4_4_1;5.388342E-38;4.777271E-18;1.810083
0_3_-4_0_1;0.1095221;0.0004044909;6.522944
1_3_-4_-5_1;-4.566601E-35;1.287727;3.578504E-30
1_3_-4_0_1;-0.01037384;1.969;0.3117298
1_3_-4_4_1;-0.0004317585;1.741717;0.3784336
2_3_-4_0_1;-0.0496091;-0.08153742;-0.05904533
2_3_-4_4_1;-0.04975342;-0.06375892;-0.08359832
2_3_-4_-5_1;-0.047139;-0.05745844;-0.04045402
3_3_-4_-5_1;-0.003653774;-0.005328311;-0.006875561
3_3_-4_4_1;-0.003744948;-0.006745278;-0.006719941
3_3_-4_0_1;-0.003590819;-0.005736824;-0.006776295
3_-4_-4_4_-1;-0.002417222;-0.004708122;-0.01033552
2_-4_-4_4_-1;-0.004747136;-0.005965227;-0.01715602
2_-4_-4_-5_-1;-0.01309108;-0.009112329;-0.01179188
2_-4_-4_0_-1;-0.01070601;-0.01577248;-0.01891654
1_-4_-4_0_-1;-0.0008595607;2.584521;0.008338847
1_-4_-4_4_-1;-6.200244E-27;1.573549;0.1454589
1_-4_-4_-5_-1;-6.853734E-27;0.3328555;6.980863E-21
0_-4_-4_4_-1;7.006492E-42;1.862889;1.658911E-37
-1_-4_-4_4_-1;2.816598E-16;2.273547E-09;6.259615
-1_-4_-4_-5_-1;0.3332853;1.590704;14.0952
-1_-4_-4_0_-1;0.6367021;3.676399;14.02985
-2_-4_-4_4_-1;1.303439E-18;3.223723E-16;0.4262038
-2_-4_-4_0_-1;0.07552127;0.3666289;1.80735
-3_-4_-4_4_-1;-0.04547354;-0.05432952;-0.05927636
-2_-4_-4_-5_-1;-0.006879383;1.790812;0.2972859
-3_-4_-4_0_-1;-0.04258988;-0.0678788;-0.03853105
-3_-4_-4_-5_-1;-0.03968513;-0.04286805;-0.01766187
-4_-4_-4_4_-1;-0.04239066;-0.05310278;-0.04974897
-4_-4_-4_0_-1;-0.0362258;-0.06942594;-0.05602414
-4_-4_-4_-5_-1;-0.02807801;-0.04057443;-0.03996227
-5_-4_-4_0_-1;-0.01273272;-0.01095804;-0.009641771
-5_-4_-4_4_-1;-0.01675644;-0.02027087;-0.02064333
-5_-4_-4_-5_-1;-0.01406077;-0.008589315;-0.02361488
-6_-4_-4_4_-1;-0.0162869;-0.01637763;-0.02319125
-6_-4_-4_0_-1;-0.01536629;-0.01996775;-0.01319449
-6_-4_-4_-5_-1;-0.008418669;-0.02471177;-0.01131085
-7_-4_-4_0_-1;-0.00776468;-0.004501312;-0.00482134
-7_-4_-4_4_-1;-0.009292954;-0.01270029;-0.01142927
-7_-4_-4_-5_-1;-0.009031445;-0.005717728;-0.002764151
-7_3_-4_0_1;-0.003309548;-0.005908304;-0.002927537
-7_3_-4_4_1;-0.002587132;-0.002680352;-0.0008197412
-7_3_-4_-5_1;-0.002759471;-0.002526714;-0.002208829
-6_3_-4_0_1;-0.01509436;-0.01457174;-0.02085584
-6_3_-4_4_1;-0.01509667;-0.02081621;-0.01819137
-6_3_-4_-5_1;-0.01308191;-0.01869687;-0.01180119
-5_3_-4_-5_1;-0.01013335;-0.01306191;-0.009860732
-5_3_-4_0_1;-0.01513428;-0.02291429;-0.01471098
-5_3_-4_4_1;-0.01430792;-0.01961795;-0.0258285
-4_3_-4_-5_1;-0.04777303;-0.06004711;-0.05412856
-4_3_-4_0_1;-0.04670107;-0.07825125;-0.07267527
-4_3_-4_4_1;-0.04984911;-0.08246771;-0.07707049
-1_3_3_0_1;3.406814E-08;0.4804682;8.162042
-1_3_3_4_1;0.02868997;1.002672E-18;5.655067E-06
0_3_3_0_1;0.06784894;0.0005781874;6.260566
0_-4_3_0_-1;0.0135032;9.556638;1.356631
0_-4_3_4_-1;1.37988E-30;1.383436;1.123477E-15
4_3_-4_-5_1;-0.00368808;-0.00698063;-0.006841278
4_3_-4_4_1;-0.003798325;-0.007064944;-0.00702652
4_3_-4_0_1;-0.003746261;-0.006362659;-0.006778163
5_3_-4_-5_1;-0.00379916;-0.006596738;-0.007024603
5_3_-4_4_1;-0.00380208;-0.007038068;-0.006944154
5_3_-4_0_1;-0.003744383;-0.006686961;-0.006863075
5_-4_-4_-5_-1;-0.002603485;-0.003080619;-0.003444344
5_-4_-4_0_-1;-0.002474782;-0.005001619;-0.005192077
5_-4_-4_4_-1;-0.003540594;-0.005311497;-0.005010228
4_-4_-4_4_-1;-0.003630627;-0.003863794;-0.00447396
4_-4_-4_-5_-1;-0.003318875;-0.003361873;-0.005063525
4_-4_-4_0_-1;-0.003535508;-0.002908314;-0.005204062
3_-4_-4_0_-1;-0.009503;-0.004830354;-0.01062304
3_-4_-4_-5_-1;-0.002933879;-0.003781091;-0.01294555
0_-4_-4_0_-1;0.09162991;9.23741;0.3294407
-3_3_-4_0_1;-0.04869243;-0.08174346;-0.06578672
-3_3_-4_4_1;-0.04915403;-0.08194575;-0.06450967
-2_3_-4_-5_1;8.370664E-05;0.003162431;1.729173
-2_3_-4_4_1;-4.670131E-39;0.4992832;0.0004030175
1_3_3_0_1;-0.01539858;-0.121159;1.514717
1_3_3_4_1;0.0260741;-0.1853238;1.253655
2_3_3_-5_1;-0.04964044;-0.07178095;-0.2087567
2_3_3_4_1;-0.04990355;-0.2226256;-0.2202979
2_3_3_0_1;-0.0358119;-0.277014;-0.1959572
3_3_3_-5_1;-0.05666562;-0.09153812;-0.1066244
3_3_3_0_1;-0.02500932;-0.0890744;-0.1032537
3_3_3_4_1;-0.0123235;-0.08953484;-0.1017126
4_3_3_-5_1;-0.05586617;-0.0893805;-0.09864432
4_3_3_0_1;-0.05008993;-0.07774191;-0.09301595
4_3_3_4_1;-0.05382714;-0.08202805;-0.09473383
5_3_3_-5_1;-0.003177799;-0.002570115;-0.001801264
5_3_3_4_1;-0.003253991;-0.002313436;-0.004430964
5_3_3_0_1;-0.002347899;-0.0001657135;-0.003946641
6_3_3_0_1;-3.857614E-07;-6.142076E-07;-3.982132E-07
6_3_3_4_1;-8.084728E-05;-4.273587E-07;-3.340081E-07
6_3_3_-5_1;-8.386435E-05;-4.369609E-07;-6.19535E-07
7_3_3_-5_1;-7.580529E-18;-2.828542E-12;-1.861472E-12
7_3_3_4_1;-2.156311E-12;-3.673149E-12;-7.594672E-18
7_3_3_0_1;-2.611721E-12;-2.337084E-12;-3.137445E-12
6_-4_3_4_-1;-5.472766E-09;-6.408785E-09;-9.898184E-09
6_-4_3_0_-1;-7.703783E-09;-7.637013E-09;-4.90924E-09
6_-4_3_-5_-1;-4.393203E-09;-1.05673E-08;-9.489762E-09
5_-4_3_0_-1;-2.309201E-07;-1.035077E-08;-5.842352E-08
5_-4_3_4_-1;-1.845389E-07;-9.293001E-09;-2.801233E-07
5_-4_3_-5_-1;-1.325081E-07;-2.130273E-07;-1.68584E-07
4_-4_3_4_-1;-1.656795E-07;-4.644336E-07;-4.452415E-07
4_-4_3_0_-1;-3.192947E-07;-4.196016E-07;-4.139839E-07
4_-4_3_-5_-1;-2.785733E-07;-2.556469E-07;-3.392003E-07
3_-4_3_0_-1;-1.857573E-06;-7.468462E-07;-2.631819E-06
3_-4_3_-5_-1;-1.860064E-06;-1.989194E-06;-1.717215E-06
3_-4_3_4_-1;-1.510158E-06;-2.686176E-06;-2.313008E-06
2_-4_3_4_-1;-0.0004748324;-0.0007803289;-6.550463E-05
2_-4_3_-5_-1;-0.00257972;-0.001099095;-0.0007451924
2_-4_3_0_-1;-0.0006665589;-0.0007095215;-0.0008105599
1_-4_3_0_-1;0.05818848;2.268671;0.003825124
1_-4_3_4_-1;-7.233079E-05;1.676272;-0.001119634
1_-4_3_-5_-1;-0.0008540544;-0.00521797;-0.001111098
-1_3_3_-5_1;0.02016306;7.952996;3.036673E-37
6_3_-4_0_1;-0.001905816;-0.002498116;-2.29064E-06
6_3_-4_4_1;-0.002326011;-0.0023475;-0.003425664
6_3_-4_-5_1;-0.003363895;-0.002226844;-0.004351899
7_3_-4_0_1;-7.006492E-42;-7.006492E-42;-7.006492E-42
7_3_-4_-5_1;-7.006492E-42;-7.006492E-42;-7.006492E-42
7_-4_-4_-5_-1;-7.006492E-42;-7.006492E-42;-7.006492E-42
7_-4_-4_0_-1;-7.006492E-42;-7.006492E-42;-7.006492E-42
7_-4_-4_4_-1;7.006492E-42;-7.006492E-42;-7.006492E-42
6_-4_-4_4_-1;-0.002395036;-2.810202E-06;-0.001940754
6_-4_-4_0_-1;-0.002491922;-0.001911115;-3.207244E-06
6_-4_-4_-5_-1;-0.002525811;-0.002632728;-0.002117188
-1_3_-4_4_1;2.344483E-18;1.034379E-15;3.298456
7_-4_3_0_-1;-2.127286E-12;-9.884327E-24;-2.623355E-12
7_-4_3_4_-1;-2.870705E-12;-1.81852E-12;-5.038375E-24
-3_3_-4_-5_1;-0.04350121;-0.06114234;-0.0628738
0_3_3_-5_1;1.04646E-12;5.934546;0.0003522329
1_3_3_-5_1;-0.08977861;0.3065364;1.546631
0_-4_-4_-5_-1;0.3550836;9.681031;2.600478
-6_-4_3_0_-1;-0.02032032;-0.01946802;-0.03942156
-6_3_3_4_1;-0.01506885;-0.02975914;-0.02714677
-5_3_3_0_1;-0.6176903;-0.7006617;-0.9289747
-5_3_3_4_1;-0.02368621;-0.2060013;-1.159207
0_3_3_4_1;0.06131413;0.01239867;0.6669738
-4_0_0_0_-1;-5.169229E-23;-1.343697E-22;-2.705647E-23
1_0_0_4_-1;-1.173441E-23;-5.098638E-23;7.084575E-22
2_0_0_0_-1;-8.632687E-22;-4.872226E-22;-1.901188E-22
1_0_0_-5_-1;5.178792E-21;-4.755735E-39;-7.263661E-27
3_0_0_0_-1;-1.489743E-22;-5.492293E-24;-3.34257E-23
-6_-4_3_4_-1;-0.02222977;-0.02825349;-0.03628564
-6_-4_3_-5_-1;-0.02428553;-0.02444175;-0.03945163
-6_3_3_-5_1;-0.02327979;-0.02874893;-0.036732
-6_3_3_0_1;-0.02207979;-0.03677963;-0.03223102
-7_-4_3_0_-1;-0.02194855;-0.03215457;-0.03308999
-7_-4_3_4_-1;-0.02378448;-0.02961966;-0.02385128
-7_-4_3_-5_-1;-0.02269704;-0.02678902;-0.02409856
-7_3_3_-5_1;-0.02144991;-0.03835851;-0.02711746
-7_3_3_0_1;-0.02305119;-0.03497677;-0.03355288
-7_3_3_4_1;-0.02258288;-0.02793836;-0.03573092
-8_-4_3_4_-1;-0.0004681715;-0.01527369;-0.0225383
-8_-4_3_-5_-1;-0.01793734;-0.01852279;-0.02954394
-8_-4_3_0_-1;-0.0143414;-0.0009018941;-0.01694308
-2_0_0_0_-1;-6.784981E-38;-7.006492E-42;2.206755E-30
-8_3_3_4_1;-0.01288945;-0.01299086;-0.01683124
-8_3_3_0_1;-0.01493596;-0.000701074;-0.01310786
-8_3_3_-5_1;-0.0004399698;-0.01540174;-0.0004167332
-9_-4_3_0_-1;-7.583418E-31;-1.190327E-30;-7.516638E-31
-9_-4_3_-5_-1;-8.291085E-31;-1.363898E-30;-7.728232E-31
-9_-4_3_4_-1;-8.872894E-31;-6.944657E-31;-1.426766E-30
-10_-4_3_0_-1;-1.018958E-30;-1.900588E-30;-1.887945E-30
-10_-4_3_-5_-1;-9.994188E-31;-1.805429E-30;-1.831548E-30
-10_-4_3_4_-1;-9.169996E-31;-1.853131E-30;-1.686166E-30
-4_0_0_-5_-1;-2.858727E-24;-6.45082E-33;-5.119938E-34
-4_0_0_4_-1;-1.431221E-22;-1.676995E-21;-4.856031E-23
-3_0_0_4_-1;-1.637305E-21;-2.419531E-21;-6.909046E-22
-2_0_3_3_-1;7.006492E-42;7.006492E-42;7.006492E-42
-2_0_3_0_-1;7.006492E-42;4.640996E-38;7.006492E-42
-2_0_3_4_-1;7.006492E-42;7.006492E-42;7.725207E-39
-2_0_3_-5_-1;7.006492E-42;2.355226E-38;7.006492E-42
-2_0_0_-5_-1;-7.006492E-42;9.376421E-32;-7.006492E-42
-8_-4_-4_0_-1;-0.003050581;-0.002400858;-0.004162909
-8_-4_-4_-5_-1;-0.001554447;-0.003962833;-0.004376787
-8_-4_-4_4_-1;-0.001342743;-0.003500395;-0.0006895619
-8_3_-4_0_1;-0.001951208;-0.002800522;-0.002895223
-8_3_-4_-5_1;-0.002666673;-7.269478E-05;-1.275668E-06
-8_3_-4_4_1;-0.002774566;-0.003560332;-0.0003728573
-3_0_0_0_-1;-4.523711E-25;-7.295476E-33;-5.377253E-30
-1_0_0_0_-1;6.205331E-33;7.006492E-42;7.006492E-42
-9_-4_-4_4_-1;-1.463534E-07;-2.645397E-07;-7.829823E-08
-9_-4_-4_0_-1;-1.847516E-07;-3.143255E-07;-2.599625E-07
-9_-4_-4_-5_-1;-1.701923E-07;-1.191193E-07;-1.051171E-07
-10_-4_-4_0_-1;-1.958762E-18;-5.443191E-08;-3.976097E-08
-10_-4_-4_4_-1;-2.383593E-18;-6.762005E-19;-1.80622E-18
-10_-4_-4_-5_-1;-1.382401E-18;-1.792793E-18;-5.424082E-08
2_0_0_4_-1;-1.677883E-21;-2.210717E-21;-1.007027E-21
-2_0_0_4_-1;-2.755495E-27;-7.25452E-26;-1.588223E-30
1_4_3_4_1;-2.336692E-35;-7.006492E-42;-5.221614E-29
1_4_3_0_1;-7.006492E-42;-5.129879E-29;-4.003943E-34
1_4_3_-5_1;-6.127288E-29;-5.43615E-29;-8.782679E-32
2_4_3_-5_1;-6.510832E-29;-8.934278E-29;-6.565176E-29
2_4_3_0_1;-6.612238E-29;-5.716598E-29;-1.133713E-28
2_4_3_4_1;-7.006492E-42;-7.559551E-29;-8.041999E-29
3_4_3_-5_1;-6.128975E-29;-1.038802E-28;-8.155584E-29
3_4_3_4_1;-5.461966E-29;-8.245397E-29;-6.456617E-29
3_4_3_0_1;-4.855889E-29;-9.78928E-29;-9.151654E-29
4_4_3_-5_1;-5.294032E-29;-9.412142E-29;-5.497741E-29
4_4_3_0_1;-7.388302E-29;-9.757535E-29;-5.948265E-29
4_4_3_4_1;-5.807146E-29;-7.364052E-29;-9.78756E-29
5_4_3_-5_1;-6.786299E-29;-5.847409E-29;-8.191974E-29
5_4_3_0_1;-6.535951E-29;-7.006492E-42;-1.007367E-28
5_4_3_4_1;-7.942495E-29;-3.882352E-29;-1.189507E-28
6_4_3_-5_1;-6.444287E-29;-5.587652E-29;-1.09466E-28
6_4_3_0_1;-4.354882E-29;-7.006492E-42;-6.918463E-29
6_4_3_4_1;-6.815456E-29;-7.462007E-29;-6.22425E-29
-2_-5_3_-5_-1;-5.247088E-34;7.006492E-42;-2.712796E-35
-2_-5_3_0_-1;7.006492E-42;7.006492E-42;-1.115037E-35
-3_-5_3_0_-1;-8.14809E-33;-6.321267E-33;-3.890203E-35
-3_-5_3_4_-1;-9.039801E-33;-5.86098E-33;-9.464794E-33
-3_-5_3_-5_-1;-6.889082E-33;-6.31307E-33;-3.580601E-35
-4_-5_3_4_-1;-7.643023E-33;-9.386436E-33;-4.923868E-33
-4_-5_3_0_-1;-8.945754E-33;-1.15664E-32;-5.943782E-33
-4_-5_3_-5_-1;-7.17877E-33;-1.002624E-32;-3.8942E-37
-5_-5_3_4_-1;-8.720697E-33;-5.811027E-33;-1.414463E-32
-5_-5_3_0_-1;-5.967139E-33;-2.847129E-37;-7.694599E-33
-5_-5_3_-5_-1;-7.71838E-33;-8.286143E-33;-1.151718E-32
-3_0_0_-5_-1;-9.883229E-24;-5.531504E-24;-2.147125E-23
8_3_3_0_1;-7.006492E-42;-7.006492E-42;-7.006492E-42
8_3_3_-5_1;-7.006492E-42;-7.006492E-42;-7.006492E-42
3_0_0_4_-1;-6.712618E-30;-7.582352E-25;-6.896392E-31
-1_0_0_4_-1;7.006492E-42;7.006492E-42;8.664974E-25
7_3_-4_4_1;-7.006492E-42;-7.006492E-42;-7.006492E-42
8_3_3_4_1;7.006492E-42;7.006492E-42;-7.006492E-42
3_0_0_-5_-1;-1.023991E-23;-2.876057E-25;-5.139859E-23
1_0_3_-4_-1;7.006492E-42;0.0002340148;7.006492E-42
1_0_3_0_-1;-2.604543E-32;-3.098297E-32;-3.084812E-32
1_0_3_4_-1;-2.565314E-32;-1.788961E-32;-2.950171E-32
1_0_3_-5_-1;-2.621561E-32;-3.078447E-32;-3.907323E-32
0_0_0_4_-1;1.360878E-26;7.006492E-42;7.006492E-42
0_0_0_-5_-1;1.257377E-23;7.006492E-42;7.006492E-42
2_0_0_-5_-1;-1.111448E-22;-5.181002E-23;-8.233739E-22
-1_0_0_-5_-1;7.006492E-42;7.006492E-42;3.626472E-22
1_0_0_0_-1;-3.014948E-31;-1.138808E-24;-1.42518E-30
-2_4_3_4_1;8.608429E-40;3.710228E-39;8.608429E-40
-2_-5_3_3_-1;1.507678E-36;1.507678E-36;5.69383E-35
1_4_3_-4_1;1.832865E-36;1.832865E-36;4.09834E-12
1_-5_3_4_-1;2.280682E-32;-2.747415E-34;1.833415E-36
1_-5_3_0_-1;2.137981E-32;1.833598E-36;1.833598E-36
0_-5_3_4_-1;5.873262E-32;1.834149E-36;1.834149E-36
-1_-5_3_4_-1;1.835066E-36;1.835066E-36;4.72057E-31
-1_-5_3_-5_-1;2.865775E-34;8.250292E-35;8.10672E-31
-1_-5_3_0_-1;5.935648E-36;1.100502E-34;1.840765E-36
-2_-5_3_4_-1;-4.170874E-33;-1.841789E-35;-6.548007E-33
7_-4_3_-5_-1;-1.638035E-12;-7.024716E-24;-6.852565E-24
1_-5_3_-5_-1;-4.183594E-34;-6.246694E-32;2.768296E-35
-6_-5_3_0_-1;-8.764966E-33;-1.309943E-32;-5.887263E-33
-6_-5_3_4_-1;-5.680647E-33;-7.695193E-33;-6.537046E-33
-6_-5_3_-5_-1;-6.560948E-33;-6.527824E-33;4.594622E-34
-7_-5_3_4_-1;-6.554792E-33;-1.109491E-32;-5.565238E-33
-7_-5_3_-5_-1;-4.763908E-33;-6.373079E-33;4.597844E-34
-7_-5_3_0_-1;-7.453749E-33;-9.805867E-33;-4.632939E-33
-8_-5_3_0_-1;-8.875755E-33;-1.165969E-32;-7.832777E-33
-8_-5_3_4_-1;-7.423055E-33;-7.750399E-33;-7.584874E-33
-8_-5_3_-5_-1;-4.78648E-33;-1.071958E-32;4.603366E-34
-9_-5_3_4_-1;-7.86556E-33;4.606124E-34;4.606124E-34
2_0_3_-5_-1;-2.968441E-32;-5.457309E-32;-5.473035E-32
2_0_3_0_-1;-2.933951E-32;-5.324026E-32;-5.441034E-32
2_0_3_4_-1;-2.994433E-32;-5.19581E-32;-5.2141E-32
0_-1_-1_-5_-1;2.372571E-30;1.415322E-29;1.369476E-29
0_-1_-1_4_-1;2.227592E-30;9.325894E-30;1.470381E-29
0_-1_-1_0_-1;8.372333E-31;1.505433E-29;1.556081E-29
-1_-1_-1_4_-1;1.861368E-30;1.955719E-29;1.990693E-29
-1_-1_-1_0_-1;1.755379E-30;1.835731E-29;1.932993E-29
-1_-1_-1_-5_-1;2.327426E-30;2.041219E-29;2.021816E-29
1_-1_-1_-5_-1;-7.806629E-32;6.942272E-30;5.844246E-30
2_-1_-1_-5_-1;-8.568403E-32;-1.553773E-31;-1.581934E-31
2_-1_-1_4_-1;-8.164957E-32;-1.470938E-31;-1.530142E-31
1_-1_-1_4_-1;-8.210711E-32;7.174123E-30;6.292897E-30
2_-1_-1_0_-1;-8.172944E-32;-1.390837E-31;-1.504195E-31
3_-1_-1_-5_-1;-1.88495E-32;-1.353598E-31;-8.809721E-32
1_-1_-1_0_-1;6.772848E-31;8.837387E-30;7.065449E-30
-1_0_-1_0_-1;9.629244E-31;9.704088E-30;9.390693E-30
-1_0_-1_4_-1;9.681098E-31;9.438376E-32;9.438376E-32
-2_0_-1_4_-1;3.963322E-31;2.446637E-30;3.503257E-30
-2_0_-1_-5_-1;-3.139974E-32;9.444974E-32;2.83867E-30
-1_0_-1_-5_-1;5.532344E-31;9.612304E-30;2.310435E-30
-3_0_-1_4_-1;-4.759234E-32;-9.506798E-32;-9.067038E-32
-3_0_-1_0_-1;-4.998688E-32;-9.568095E-32;-9.309141E-32
-3_0_-1_-5_-1;-4.692823E-32;-8.773469E-32;-7.873795E-32
-2_0_-1_0_-1;-4.570253E-33;7.850644E-31;2.639966E-30
3_-1_-1_4_-1;-6.326753E-32;-1.311511E-31;-8.798927E-32
3_-1_-1_0_-1;-7.204979E-32;-1.366679E-31;-8.932922E-32
7_4_3_-5_1;-5.672039E-29;-6.229306E-29;-1.00728E-28
7_4_3_4_1;-6.043984E-29;-6.053283E-29;4.036185E-30
7_4_3_0_1;-6.275347E-29;4.036992E-30;-8.450352E-29
0_5_-5_0_1;1.412551E-18;1.443167E-17;3.19646E-17
1_5_-5_-5_1;1.327097E-18;7.623505E-18;5.278415E-18
2_5_-5_4_1;-2.117059E-19;-2.51471E-19;-2.776319E-19
4_5_-5_0_1;-2.891142E-20;-5.56811E-20;-5.53266E-20
2_-5_-5_-5_-1;-7.931856E-20;-2.064985E-19;-1.183288E-19
1_-5_-5_0_-1;-1.369183E-19;8.075893E-18;9.4998E-18
0_-5_-5_0_-1;4.442606E-18;9.770275E-18;4.142791E-17
-2_-5_5_-5_-1;-4.473498E-20;1.02611E-17;3.413082E-18
-3_-5_5_-5_-1;-2.276539E-18;-1.107448E-18;-3.812929E-18
-4_-5_5_0_-1;-2.709847E-18;-6.498759E-18;-9.474746E-18
-3_5_5_4_1;-5.467251E-18;-1.49951E-18;-6.979672E-18
-2_5_5_4_1;-2.549255E-18;-2.026537E-18;2.265218E-18
-1_5_5_4_1;5.304386E-19;2.554024E-17;3.377927E-19
1_5_5_0_1;6.727887E-19;6.624421E-18;-4.361554E-18
2_5_5_4_1;-2.762109E-18;-3.765211E-19;-5.508189E-19
4_5_5_4_1;-8.028615E-20;-8.413827E-20;-1.181275E-19
2_-5_5_0_-1;-1.46083E-19;-2.478509E-19;-1.312918E-19
1_-5_5_4_-1;-4.785839E-20;9.200884E-19;1.209544E-17
-1_-5_5_-5_-1;8.34549E-19;3.541402E-17;4.045052E-19
-2_-5_-5_4_-1;-5.140126E-20;5.209458E-18;1.873076E-19
-4_-5_-5_0_-1;-2.209054E-19;-2.592854E-19;-2.224887E-19
-5_-5_-5_4_-1;-1.913378E-19;-2.698306E-19;-3.188878E-19
-4_5_-5_0_1;-2.216446E-19;-2.878103E-19;-2.252217E-19
-2_5_-5_0_1;9.823689E-20;4.705629E-18;8.297132E-18
-1_5_-5_0_1;7.170974E-20;1.362475E-17;1.350805E-17
0_5_-5_4_1;1.487102E-18;2.402635E-17;1.050677E-20
3_5_-5_4_1;-1.540894E-19;-1.587361E-19;-1.824621E-19
0_-5_-5_4_-1;1.051097E-20;2.476748E-17;1.629955E-19
-1_-5_-5_0_-1;1.764111E-18;2.752619E-17;4.874423E-17
-4_-5_5_-5_-1;-4.89314E-18;-9.509615E-18;-1.034856E-17
-5_-5_5_-5_-1;-5.647028E-18;-4.447725E-18;-4.576725E-18
-4_5_5_0_1;-2.490636E-18;-1.112937E-17;-5.384106E-18
-2_5_5_0_1;-1.490164E-18;-5.034791E-18;-4.554401E-18
-1_5_5_0_1;4.232542E-18;4.037108E-17;3.225401E-17
0_5_5_4_1;5.62579E-19;2.836615E-17;3.334405E-17
2_5_5_0_1;-1.761527E-19;-2.689669E-18;-3.996745E-19
3_5_5_4_1;-5.627032E-20;-2.798559E-19;-2.842087E-19
0_-5_5_-5_-1;1.535376E-18;3.280125E-17;3.12007E-17
-1_-5_5_0_-1;4.13407E-18;3.743796E-17;2.882445E-17
-2_-5_-5_0_-1;6.017092E-19;6.594512E-18;1.033579E-19
-4_-5_-5_4_-1;-1.885341E-19;-3.071861E-19;-2.818776E-19
-5_-5_-5_-5_-1;-1.729519E-19;-2.955197E-19;-2.530263E-19
-1_5_-5_-5_1;5.448872E-19;1.376183E-17;3.526481E-17
1_5_-5_0_1;-6.165648E-21;1.459448E-19;8.081262E-18
3_5_-5_-5_1;-1.541969E-19;-6.463847E-20;-5.347769E-20
2_-5_-5_0_-1;-1.378153E-19;-1.253029E-19;-8.514246E-20
1_-5_-5_-5_-1;-2.264387E-21;9.525223E-18;6.798579E-18
-5_-5_5_4_-1;-2.20442E-19;-9.66641E-18;-4.002967E-18
1_5_5_-5_1;-7.813607E-19;-1.090115E-18;-3.51154E-18
1_-5_5_0_-1;-2.088392E-20;7.121766E-18;1.359103E-17
-1_-5_5_4_-1;4.622493E-20;2.781074E-17;1.054994E-20
-2_-5_5_0_-1;5.23246E-19;9.997774E-18;1.041447E-17
-5_-5_5_0_-1;-5.922639E-18;-9.17658E-18;-9.078E-18
-7_-5_5_4_-1;-4.363107E-19;-4.722906E-18;-6.278993E-18
-8_-5_5_0_-1;-7.485678E-18;-9.534775E-18;-1.164078E-17
0_5_5_-5_1;3.312617E-18;3.296535E-17;2.832575E-17
2_5_5_-5_1;-5.310246E-18;-5.642648E-18;-3.437476E-19
3_5_5_0_1;-1.484934E-19;-2.128808E-19;-1.495497E-19
2_-5_5_-5_-1;-1.483799E-19;-1.558251E-19;-2.608042E-19
-2_5_-5_-5_1;1.056789E-20;6.435938E-18;1.089795E-17
1_5_-5_4_1;1.121438E-18;5.239498E-18;1.382897E-19
2_5_-5_-5_1;-2.095356E-19;-2.613563E-19;-2.75661E-19
0_-5_-5_-5_-1;1.230187E-18;4.141232E-17;1.533871E-17
-2_-5_5_4_-1;-7.240968E-20;6.730506E-18;6.646745E-20
-3_5_5_-5_1;-5.977703E-18;-7.064127E-18;-3.67949E-18
1_5_5_4_1;1.995094E-18;9.587043E-19;-2.767846E-18
2_-5_5_4_-1;-1.450659E-19;-2.619403E-19;-2.821414E-19
1_-5_5_-5_-1;4.694954E-19;2.982462E-18;1.556762E-17
-3_-5_-5_-5_-1;-8.163104E-20;-6.120383E-20;-1.372577E-19
-3_5_-5_-5_1;-1.520875E-19;-9.98131E-20;-2.328374E-19
-2_5_-5_4_1;5.374638E-20;1.059328E-20;6.193633E-18
0_5_-5_-5_1;4.368048E-18;3.144898E-17;1.257719E-17
4_5_-5_4_1;-3.07587E-20;-5.554906E-20;-4.076755E-20
2_-5_-5_4_-1;-1.528157E-19;-1.258345E-19;-2.11439E-19
-3_-5_5_0_-1;-2.935589E-18;-7.431794E-18;-2.620078E-18
4_5_5_-5_1;-4.055609E-20;-9.68314E-20;-7.778362E-20
3_-5_5_-5_-1;-5.533966E-20;-2.10881E-19;-1.967414E-19
0_-5_5_4_-1;2.322282E-18;3.243344E-17;3.13473E-17
-3_5_-5_0_1;-2.219846E-19;-3.03283E-19;-2.292265E-19
-1_5_-5_4_1;1.682205E-18;1.035631E-17;8.836587E-18
4_5_-5_-5_1;-2.587802E-20;-5.458185E-20;-4.19144E-20
1_-5_-5_4_-1;1.063574E-20;8.279011E-18;1.868026E-19
-1_-5_-5_-5_-1;1.584912E-18;4.90364E-17;1.175998E-17
0_5_5_0_1;4.750117E-18;4.827495E-17;3.184133E-17
4_5_5_0_1;-1.503688E-19;-2.33166E-19;-9.26905E-20
-4_5_-5_4_1;-1.5515E-19;-2.902996E-19;-2.879532E-19
-2_5_5_-5_1;1.77801E-18;-6.834797E-18;-4.730563E-18
-1_5_5_-5_1;3.076475E-19;3.881721E-17;2.412187E-19
0_-5_5_0_-1;2.167811E-18;5.078315E-17;2.013291E-17
-1_-5_-5_4_-1;1.513882E-18;1.560619E-17;1.067944E-20
-3_-5_-5_0_-1;-7.891603E-20;-1.818016E-19;-4.409317E-20
-5_-5_-5_0_-1;-2.206462E-19;-2.699926E-19;-2.431172E-19
-3_5_-5_4_1;-1.718799E-19;-2.695006E-19;-2.345253E-19
3_-5_-5_0_-1;-3.430545E-20;-6.515861E-20;-1.975474E-19
3_5_5_-5_1;-1.530845E-19;-2.756031E-19;-1.730227E-19
6_5_5_0_1;-2.375501E-19;-2.658194E-19;-2.183299E-19
7_5_5_-5_1;-2.92331E-19;-3.185734E-19;-3.27691E-19
2_5_-5_0_1;-1.433353E-19;-1.347689E-19;-2.74235E-19
3_5_-5_0_1;-3.626064E-20;-5.791452E-20;-1.877558E-19
-4_-5_5_4_-1;-2.469982E-18;-6.903827E-18;-6.76611E-18
3_-5_5_4_-1;-8.407738E-20;-1.354088E-19;-2.020833E-19
-3_-5_-5_4_-1;-1.551984E-19;-1.869075E-19;-1.385852E-19
3_-5_-5_-5_-1;-1.522106E-19;-6.268888E-20;-2.099606E-19
5_5_5_4_1;-1.484541E-19;-3.888453E-20;-9.733229E-20
2_0_5_-5_-1;-1.2592E-16;-2.313668E-16;-1.674186E-16
2_0_5_0_-1;-1.388441E-16;-2.250902E-16;-2.011613E-16
2_0_5_4_-1;-1.366332E-16;-1.569392E-16;-1.877793E-16
-3_-5_5_4_-1;-4.153404E-18;-3.545863E-18;-3.742661E-18
6_5_5_-5_1;-1.53173E-19;-2.51773E-19;-2.984825E-19
7_5_5_0_1;-2.612182E-19;-2.837191E-19;-1.618582E-19
4_-5_5_0_-1;-3.40138E-20;-5.707438E-20;-5.133248E-20
3_-5_5_0_-1;-1.473948E-19;-1.986569E-19;-6.484642E-20
5_5_5_0_1;-5.786821E-22;-1.587756E-19;1.084085E-20
7_5_5_4_1;-2.946601E-19;-2.955749E-19;-3.3335E-19
9_5_5_-5_1;-2.313137E-19;-1.834516E-19;-2.587639E-19
5_5_5_-5_1;-4.590624E-21;3.286871E-21;-1.90431E-19
5_-5_5_0_-1;1.421135E-21;-3.164226E-22;-7.413775E-21
5_5_-5_0_1;-2.843766E-21;-2.01516E-21;-3.864706E-21
4_-5_-5_0_-1;-3.508868E-20;-2.788974E-20;-3.753212E-20
4_-5_5_4_-1;-1.475314E-19;-4.757336E-20;-6.087795E-20
-6_-5_5_-5_-1;-5.578194E-18;-7.94055E-18;-8.101982E-18
6_5_5_4_1;-2.22063E-19;-2.992711E-19;-3.128082E-19
8_5_5_4_1;-2.909208E-19;-3.524102E-19;-2.958786E-19
10_5_5_-5_1;-1.817054E-19;-1.149879E-19;-1.874042E-19
4_-5_5_-5_-1;-3.411298E-20;-1.118115E-19;-5.971189E-20
-6_-5_5_4_-1;-2.198804E-19;-7.31264E-18;-9.489445E-18
-6_-5_5_0_-1;-6.508541E-18;-7.421773E-18;-9.646732E-18
9_5_5_4_1;-1.885175E-19;-1.85337E-19;-1.503197E-19
10_5_5_4_1;1.102342E-20;-1.828134E-19;1.102342E-20
10_5_5_0_1;-1.929952E-19;-1.929812E-19;-2.763586E-19
5_5_-5_-5_1;-2.577494E-20;-1.344962E-21;-7.959701E-22
6_5_-5_-5_1;-2.793002E-21;3.444921E-21;-2.353506E-21
5_-5_-5_-5_-1;-1.168225E-21;-1.650097E-20;-5.288873E-22
6_5_-5_0_1;-1.446791E-21;1.108865E-20;4.465201E-21
7_5_-5_0_1;-4.438489E-21;-2.198377E-21;-2.250786E-21
6_-5_-5_0_-1;-7.961105E-22;5.771187E-21;1.109087E-20
5_-5_5_4_-1;-3.442519E-21;-5.180288E-21;-3.049016E-21
7_5_-5_4_1;4.559859E-23;7.166424E-22;-1.637572E-21
5_-5_-5_4_-1;-1.698003E-21;5.627277E-21;1.111641E-20
5_-5_-5_0_-1;5.970612E-22;9.499429E-21;4.972735E-21
4_-5_-5_-5_-1;-3.187984E-20;-5.388716E-20;-4.232174E-20
8_5_5_0_1;-1.716246E-19;-1.406031E-19;-2.483633E-19
6_-5_5_-5_-1;-1.617431E-21;5.071232E-21;9.874024E-23
5_-5_5_-5_-1;-4.367942E-21;-4.278385E-21;-6.230416E-21
6_-5_5_0_-1;3.440334E-23;1.129684E-20;1.129684E-20
4_-5_-5_4_-1;-3.356019E-20;-3.52862E-20;-5.550107E-20
8_5_5_-5_1;-1.308512E-19;-2.490069E-19;-1.611553E-19
-2_-5_-5_-5_-1;-1.377185E-19;2.860484E-19;1.09485E-19
6_-5_5_4_-1;-7.559324E-23;6.48462E-21;6.834659E-22
-7_-5_5_-5_-1;-5.497004E-18;-5.705132E-18;-5.093547E-18
-9_-5_5_-5_-1;-4.158332E-18;-7.236153E-18;-3.078131E-18
3_-5_-5_4_-1;-1.478254E-19;-1.688264E-19;-4.080638E-20
9_5_5_0_1;-1.862009E-19;-1.661528E-19;1.160951E-20
-9_-5_5_4_-1;-5.801363E-18;-6.375167E-18;-5.208559E-18
-10_-5_5_-5_-1;-2.118388E-18;-2.800909E-18;-1.671056E-18
-10_-5_5_4_-1;-1.48129E-18;-3.445627E-18;-2.519097E-19
6_5_-5_4_1;8.562406E-22;1.280492E-20;1.280492E-20
5_5_-5_4_1;-6.21307E-21;-8.453437E-21;-2.253702E-20
2_4_5_-5_1;1.482087E-20;1.482087E-20;-1.497059E-20
1_0_5_-4_-1;5.187822E-20;2.08051E-06;5.187822E-20
1_0_5_0_-1;0.0002192544;-2.1674E-16;-3.091131E-16
1_0_5_4_-1;0.01203549;-2.28806E-16;-2.264139E-16
0_0_5_4_-1;0.0005987301;5.189897E-20;5.189897E-20
-1_0_5_4_-1;5.19509E-20;5.19509E-20;0.0004450259
0_0_5_-5_-1;3.566983E-17;0.004209481;7.505455E-16
0_0_5_0_-1;1.156151E-16;0.009421733;1.139299E-08
-4_-5_-5_-5_-1;-1.90048E-19;-2.731882E-19;-3.596147E-19
-5_5_-5_4_1;-1.770756E-19;-1.575186E-19;-2.064704E-19
-5_5_-5_-5_1;-1.582552E-19;-1.55185E-19;-2.990875E-19
-4_5_-5_-5_1;-1.496674E-19;-2.698579E-19;-1.919773E-19
-4_5_5_-5_1;-2.47302E-18;-6.96094E-18;-5.258857E-18
-3_5_5_0_1;-3.546773E-18;-7.348197E-18;-6.151497E-18
-4_5_5_4_1;-6.502744E-18;-1.828523E-18;-5.12874E-18
-6_5_5_-5_1;-1.974561E-19;-2.503356E-19;-2.611267E-19
-6_5_5_4_1;-2.219848E-19;-3.473537E-19;-2.896834E-19
-6_5_5_0_1;-2.21952E-19;-2.98345E-19;-3.073387E-19
-5_5_5_-5_1;-1.3652E-19;-2.550676E-19;-2.271671E-19
-5_5_5_4_1;-1.889238E-19;-2.724673E-19;-2.225626E-19
-5_5_5_0_1;-2.220602E-19;-3.134934E-19;-2.232883E-19
-6_-5_-5_0_-1;-2.213591E-19;-3.209236E-19;-2.467406E-19
-6_-5_-5_4_-1;-1.80752E-19;-2.728872E-19;-2.958411E-19
-6_-5_-5_-5_-1;-1.783948E-19;-2.515312E-19;-2.724103E-19
-7_-5_-5_4_-1;-1.393182E-19;-2.233968E-19;-1.294553E-19
-7_-5_-5_0_-1;-2.208501E-19;-3.176793E-19;-2.867496E-19
-7_-5_-5_-5_-1;-1.536274E-19;-2.694832E-19;-2.548547E-19
-8_-5_-5_4_-1;-1.482024E-19;-1.625906E-19;-2.227604E-19
-8_-5_-5_-5_-1;-1.401274E-19;-2.447138E-19;-9.238162E-20
-8_5_-5_4_1;-1.252017E-20;-7.333011E-20;-1.456989E-19
-8_5_-5_0_1;-2.207813E-19;-3.085565E-19;-2.701448E-19
-7_5_-5_-5_1;-1.991788E-19;-2.352327E-19;-2.155619E-19
-7_5_-5_4_1;-1.994432E-19;-3.051993E-19;-2.305367E-19
-7_5_-5_0_1;-2.201692E-19;-2.584379E-19;-2.289743E-19
-6_5_-5_4_1;-1.539042E-19;-1.391634E-19;-2.824169E-19
-6_5_-5_-5_1;-1.501171E-19;-2.806851E-19;-2.786713E-19
-6_5_-5_0_1;-2.214062E-19;-2.162364E-19;-2.265145E-19
-5_5_-5_0_1;-2.205613E-19;-2.692823E-19;-2.470161E-19
-7_-5_5_0_-1;-5.462266E-18;-8.831278E-18;-8.451555E-18
-8_-5_5_4_-1;-8.21381E-19;-5.762265E-18;-4.615621E-18
-8_-5_5_-5_-1;-6.133842E-18;-8.63534E-18;-6.202931E-18
-8_5_5_-5_1;-1.467643E-19;-1.694203E-19;-1.718112E-19
-7_5_5_4_1;-1.954768E-19;-2.703406E-19;-2.235636E-19
-7_5_5_0_1;-2.218101E-19;-2.718116E-19;-2.556336E-19
-7_5_5_-5_1;-1.668693E-19;-1.485662E-19;-1.612098E-19
-8_5_5_0_1;-2.212179E-19;-2.900886E-19;-2.484282E-19
-9_-5_5_0_-1;-8.635647E-18;-1.223689E-17;-9.528654E-18
-8_-5_-5_0_-1;-2.192109E-19;-2.880972E-19;-2.505831E-19
-8_5_-5_-5_1;-1.098061E-19;-9.327313E-20;-2.363022E-19
-8_5_5_4_1;-1.83227E-19;-2.083814E-19;-1.890834E-19
-10_-5_5_0_-1;-4.420342E-18;-7.643021E-18;-4.109236E-18
-1_5_-4_-5_1;1.909278E-18;1.909278E-18;3.503887E-17
0_4_-1_-5_1;1.909469E-18;2.311012E-16;1.909469E-18
0_4_-1_0_1;1.90966E-18;1.90966E-18;2.23353E-16
0_5_-1_0_1;6.582652E-18;1.910424E-18;1.910424E-18
1_4_-1_4_1;1.256131E-17;1.910615E-18;1.910615E-18
1_5_-1_4_1;6.332991E-18;1.911379E-18;1.911379E-18
2_4_-1_4_1;1.405429E-19;9.576031E-19;9.757393E-19
1_-5_-1_4_-1;-5.306842E-19;4.218749E-18;1.301299E-17
1_-5_-1_-5_-1;1.417507E-20;1.148812E-17;3.930483E-18
1_-5_-1_0_-1;8.908029E-18;1.915015E-18;1.915015E-18
0_-5_-1_4_-1;1.313323E-17;1.915781E-18;2.433995E-16
-1_-5_-1_4_-1;1.916739E-18;1.361458E-16;1.916739E-18
-1_-5_-1_0_-1;1.916931E-18;2.420315E-16;1.916931E-18
-2_-5_-1_0_-1;1.918657E-18;5.154678E-17;1.918657E-18
-3_-5_-1_0_-1;-1.230618E-18;-2.038909E-18;-1.907128E-18
-3_-5_-1_-5_-1;-1.102631E-18;-1.950799E-18;-1.95771E-18
-3_-5_-1_4_-1;-1.253111E-18;-1.800537E-18;-1.934573E-18
-4_-5_-1_0_-1;-1.195513E-18;-2.069859E-18;-1.987797E-18
-4_-5_-1_-5_-1;-1.065996E-18;-2.017443E-18;-1.868426E-18
-4_-5_-1_4_-1;-1.250451E-18;-1.773996E-18;-1.790422E-18
-5_-5_-1_0_-1;-1.263303E-18;-2.046291E-18;-2.030262E-18
-5_-5_-1_-5_-1;-1.071235E-18;-2.044525E-18;-1.955272E-18
-5_-5_-1_4_-1;-1.204412E-18;-1.678339E-18;-1.088062E-18
-6_-5_-1_0_-1;-1.26648E-18;-2.072706E-18;-2.03126E-18
-6_-5_-1_4_-1;-1.948815E-19;-1.731239E-18;-1.643196E-18
-6_-5_-1_-5_-1;-1.040154E-18;-2.071048E-18;-1.973586E-18
-7_-5_-1_4_-1;-1.070615E-18;-1.985072E-18;-2.001584E-18
-7_-5_-1_-5_-1;-1.14315E-18;-2.08521E-18;-2.095969E-18
-7_-5_-1_0_-1;-1.267144E-18;-2.083069E-18;-2.084237E-18
-8_-5_-1_0_-1;-1.115484E-18;-1.456973E-18;-2.330971E-18
-7_4_-1_-5_1;-1.230798E-18;-1.842266E-18;-2.142167E-18
-7_4_-1_4_1;-1.260149E-18;-1.982636E-18;-2.083539E-18
-7_4_-1_0_1;-1.268244E-18;-2.115949E-18;-1.753227E-18
-6_4_-1_-5_1;-1.09546E-18;-1.782733E-18;-2.007728E-18
-6_4_-1_4_1;-1.138628E-18;-2.022519E-18;-1.696162E-18
-6_4_-1_0_1;-1.272227E-18;-2.063735E-18;-1.999707E-18
-5_4_-1_0_1;-1.27057E-18;-1.734804E-18;-1.924973E-18
-5_4_-1_4_1;-3.507886E-19;-1.650832E-18;-1.744723E-18
-5_4_-1_-5_1;-1.057623E-18;-1.934334E-18;-2.064305E-18
-4_4_-1_0_1;-1.271001E-18;-2.101349E-18;-2.012198E-18
-4_4_-1_-5_1;-1.105058E-18;-2.021551E-18;-1.915423E-18
-4_4_-1_4_1;-1.124568E-18;-1.976078E-18;-2.029857E-18
-3_4_-1_-5_1;-1.158106E-18;-1.981128E-18;-1.882033E-18
-3_4_-1_4_1;-1.182877E-18;-1.664391E-18;-2.112447E-18
-3_4_-1_0_1;-1.277468E-18;-2.014038E-18;-2.199207E-18
-2_4_-1_-5_1;-1.950031E-19;4.563897E-17;1.93891E-18
-2_4_-1_4_1;8.531761E-21;2.388863E-17;9.616504E-18
-2_4_-1_0_1;-1.881663E-19;5.926299E-17;1.939492E-18
-1_4_-1_0_1;1.941044E-18;1.941044E-18;5.113148E-17
-1_4_-1_-5_1;3.243629E-17;1.941238E-18;1.941238E-18
-1_4_-1_4_1;2.505199E-17;7.498852E-17;2.559678E-17
1_4_-1_-5_1;1.238554E-17;1.945514E-18;1.945514E-18
0_-5_-1_0_-1;1.946487E-18;1.946487E-18;2.566001E-16
0_-5_-1_-5_-1;1.772478E-17;2.563501E-16;1.946682E-18
-8_4_-1_0_1;-2.838493E-19;-4.15842E-19;2.04884E-19
-8_-5_-1_4_-1;-5.862565E-19;-1.766817E-19;-2.081454E-18
-8_4_-1_-5_1;2.696517E-19;5.297885E-19;-6.379588E-19
-8_4_-1_4_1;-3.808012E-19;-2.163686E-19;2.602471E-19
-8_-5_-1_-5_-1;-1.22176E-18;-2.105423E-18;-2.039037E-18
1_4_-1_0_1;8.853521E-18;2.336455E-18;2.336455E-18
2_4_-1_0_1;-3.284934E-19;-4.595582E-20;1.114447E-18
2_4_-1_-5_1;3.060854E-19;2.339495E-18;1.329452E-18
3_4_-1_-5_1;3.132345E-19;7.513315E-19;8.644706E-19
3_4_-1_4_1;-7.175155E-19;1.196307E-18;2.341367E-18
3_4_-1_0_1;-5.825162E-19;2.929637E-19;1.095088E-18
4_4_-1_0_1;-4.041119E-19;6.847749E-19;1.266399E-18
4_4_-1_4_1;-5.71125E-19;9.901921E-19;-2.25866E-20
4_4_-1_-5_1;-3.365967E-19;4.508327E-19;6.343602E-19
5_4_-1_-5_1;1.639309E-19;1.092986E-18;1.689804E-19
5_4_-1_4_1;2.34582E-18;2.34582E-18;1.274166E-18
5_4_-1_0_1;2.346289E-18;2.346289E-18;7.846112E-19
6_4_-1_-5_1;-2.294391E-19;1.527547E-18;4.678081E-19
6_4_-1_0_1;1.408999E-19;1.356111E-18;6.161711E-19
6_4_-1_4_1;-3.390582E-19;9.62968E-19;1.120639E-18
7_4_-1_-5_1;-4.296324E-19;1.139567E-18;1.093105E-18
7_4_-1_4_1;4.752889E-19;1.263558E-18;9.876327E-19
7_4_-1_0_1;-1.143628E-19;2.349812E-18;9.680987E-19
8_4_-1_0_1;-1.038179E-18;2.947389E-19;1.538604E-18
8_4_-1_4_1;3.078403E-19;1.346768E-18;9.516164E-19
8_4_-1_-5_1;-4.085368E-19;5.381721E-19;2.352398E-18
9_4_-1_-5_1;1.588674E-19;7.166447E-19;1.484637E-19
9_4_-1_0_1;1.987607E-20;8.394946E-19;9.799951E-19
9_4_-1_4_1;-7.603065E-19;6.654852E-19;4.761453E-19
10_4_-1_-5_1;-1.785929E-18;-2.463757E-18;-2.452914E-18
10_4_-1_4_1;-1.792316E-18;-2.457851E-18;-2.459581E-18
10_4_-1_0_1;-1.818042E-18;-3.327186E-18;-3.36542E-18
0_-3_-5_0_-1;0.03888122;0.366376;4.427423
0_-3_-5_-5_-1;1.644087E-05;3.350874E-09;4.455943
-1_-3_-5_4_-1;4.538411E-17;4.043794;1.938563E-16
-1_-3_-5_0_-1;0.6040685;1.230232;5.812523
-1_-3_-5_-5_-1;7.043252E-05;7.541732E-09;5.608618
-2_-3_-5_4_-1;-5.500081E-11;1.329589E-05;-6.279217E-11
-2_-3_-5_-5_-1;-3.054365E-08;0.934612;-7.875143E-08
-2_-3_-5_0_-1;-0.01834681;1.791169;-1.359677E-10
-3_-3_-5_4_-1;-0.03576566;-0.06411451;-0.05965031
-3_-3_-5_-5_-1;-0.03525396;-0.05940083;-0.03944553
-3_-3_-5_0_-1;-0.03729216;-0.06325558;-0.05755201
-3_2_-5_-5_1;-0.02421876;-0.04509945;-0.03629965
-3_2_-5_0_1;-0.04116322;-0.04070358;-0.04485075
-3_2_-5_4_1;-0.02213091;-0.03066444;-0.03348175
-2_2_-5_-5_1;1.353137E-17;0.003748246;1.564635
-2_2_-5_4_1;-1.957392E-18;2.506078E-17;8.082744E-16
-2_2_-5_0_1;-1.438371E-18;1.472729E-15;0.8246807
-1_2_-5_0_1;3.745993E-07;8.968933;0.1253893
-1_2_-5_-5_1;2.197173E-08;7.170335;1.358504E-13
0_2_-5_-5_1;1.853548E-06;3.683107E-18;5.290893
-1_2_-5_4_1;3.683475E-18;3.683475E-18;0.0002045754
0_2_-5_4_1;0.002636788;1.042569;1.092871E-16
0_2_-5_0_1;0.1877591;0.8453009;4.995649
1_2_-5_-5_1;0.0539961;3.691588E-18;0.9331529
1_2_-5_0_1;-2.241783E-06;1.763842;0.0007030042
1_2_-5_4_1;-0.01987396;1.556067;0.4059466
0_0_-5_0_-1;0.02500301;3.181274;1.55949
0_0_-5_4_-1;1.834167E-17;0.3382555;3.706015E-18
0_0_-5_-5_-1;5.801092E-17;2.450844;3.707868E-18
1_0_-5_-5_-1;-1.964076E-10;1.642689;6.514263E-09
1_0_-5_0_-1;-0.01013385;0.00149842;1.631738
1_0_-5_4_-1;-0.02304826;0.007294665;1.432615
2_0_-5_-5_-1;-0.04433642;-0.06451595;-0.07772522
2_0_-5_4_-1;-0.04337767;-0.04364854;-0.06217672
2_0_-5_0_-1;-0.0383804;-0.02963568;-0.03218487
2_0_4_0_-1;-1.112278;-1.700767;-2.031282
2_0_4_-5_-1;-0.4859918;-1.714401;-2.000246
2_0_4_4_-1;-1.192354;-1.493561;-2.119062
3_0_4_-5_-1;-0.0432758;-0.05618993;-0.05422708
3_0_4_4_-1;-0.03071583;-0.02636237;-0.03109615
3_0_4_0_-1;-0.03456226;-0.02014455;-0.02521622
1_0_4_4_-1;0.3141551;-1.691144;-1.748989
1_0_4_0_-1;-1.184748;-0.8123423;-1.30714
1_0_4_-5_-1;0.4335345;-1.233089;-1.064464
1_-1_-5_0_-1;-0.00354396;0.05939724;0.004249822
1_-1_-5_-5_-1;0.02571332;0.0008299096;0.01085527
1_-1_-5_4_-1;-7.867334E-06;0.03330262;3.525351E-05
2_-1_-5_-5_-1;-0.0205587;-0.02638522;-0.03756866
2_-1_-5_0_-1;-0.01872986;-0.02990912;-0.02628997
2_-1_-5_4_-1;-0.02037406;-0.03256238;-0.03413747
2_-1_4_4_-1;-0.01981274;-0.04443214;-0.02645604
2_-1_4_0_-1;-0.1483152;-0.04023294;-0.03781295
2_-1_4_-5_-1;-0.1003541;-0.1766363;-0.02407677
1_-1_4_4_-1;-0.8182859;-1.212793;-0.9385034
1_-1_4_0_-1;-0.7172326;-1.084465;-0.8165215
1_-1_4_-5_-1;0.3120198;-0.9535706;-0.9854236
0_-1_4_0_-1;1.943634E-12;3.899545E-18;4.374575
0_-1_4_4_-1;0.1608039;5.379608E-07;4.124
0_-1_4_-5_-1;1.380822E-14;3.126082E-10;4.175522
0_-1_-5_4_-1;3.909306E-18;3.53417;3.909306E-18
0_-1_-5_0_-1;0.109806;9.014644;0.03147564
-1_-1_-5_0_-1;0.3809585;6.157389;0.4930856
0_-1_-5_-5_-1;8.472569E-16;2.613457;3.932834E-18
-1_-1_-5_4_-1;3.905199E-16;3.933227E-18;2.556859
-1_-1_-5_-5_-1;6.122169E-16;3.228967;5.081729E-15
-1_0_-5_0_-1;1.679152E-06;3.146702;1.22223
-1_0_-5_4_-1;6.923154E-06;3.964027E-18;3.964027E-18
-2_0_-5_4_-1;3.964821E-18;1.197747E-15;3.934479E-05
-1_0_-5_-5_-1;1.415324E-16;2.022394;4.350523E-05
-4_2_-5_4_1;-0.04081308;-0.07632926;-0.04374772
-4_2_-5_0_1;-0.04111063;-0.04198867;-0.06311449
-4_2_-5_-5_1;-0.04060895;-0.03407079;-0.03784238
1_-3_-5_0_-1;0.005907435;2.056462;1.513127
1_-3_-5_4_-1;-3.315611E-15;2.165485E-18;1.712252
1_-3_-5_-5_-1;0.3265961;2.235201;0.2974729
0_-3_-5_4_-1;1.817149E-07;3.955268;4.595454E-18
-1_-1_4_-5_-1;5.240194E-06;4.801218E-18;5.334616
-1_-1_4_4_-1;2.449879E-06;4.804581E-18;4.804581E-18
-2_-1_4_4_-1;-1.45207E-13;2.03936E-06;0.03851427
-3_-1_4_4_-1;-0.004513782;-0.007810478;-0.007554598
-2_-1_4_-5_-1;-1.36194E-07;0.05973401;3.48851E-07
-2_-1_4_0_-1;-1.018194E-13;-1.385086E-13;0.06010352
-3_-1_4_0_-1;-0.004407177;-0.006277226;-0.007038713
-3_-1_4_-5_-1;-0.004142995;-0.007062185;-0.006327402
2_2_-5_0_1;-0.04108297;-0.06592984;-0.05268693
2_2_-5_-5_1;-0.03983885;-0.03505202;-0.05100209
2_2_-5_4_1;-0.03925435;-0.05867828;-0.06183658
3_2_-5_-5_1;-0.01799008;-0.02774826;-0.03237435
3_2_-5_0_1;-0.01826104;-0.02668601;-0.03222645
3_2_-5_4_1;-0.01808864;-0.03045259;-0.03347035
4_2_-5_-5_1;-0.01860371;-0.03156296;-0.02954474
4_2_-5_4_1;-0.01855273;-0.03356173;-0.03398862
4_2_-5_0_1;-0.01859185;-0.02892332;-0.03266635
4_-3_-5_-5_-1;-2.085125E-05;-3.318451E-05;-3.477046E-05
3_-3_-5_4_-1;-0.001067485;-1.46081E-05;-5.067886E-08
3_-3_-5_0_-1;-0.001194039;-0.00115392;-1.641773E-05
3_-3_-5_-5_-1;-0.001064815;-3.531533E-08;-4.763013E-08
2_-3_-5_0_-1;-0.008737041;-0.003945107;-0.008867489
2_-3_-5_4_-1;-0.00828562;-0.007975515;-0.002343265
2_-3_-5_-5_-1;-0.02989931;-0.01945905;-0.01194777
0_0_4_4_-1;7.047698E-05;0.4073901;6.735723
-1_-3_4_0_-1;0.2868154;7.358603;0.3933656
-1_-3_4_4_-1;5.109354E-18;3.545748;1.742269E-12
-1_-3_4_-5_-1;7.345844E-17;7.013661;0.3938805
0_-3_4_-5_-1;5.119583E-18;6.598829;5.119583E-18
-2_-3_4_0_-1;0.144503;2.264626;3.59704
-3_-3_4_0_-1;-0.02414585;-0.201501;-0.1706453
-3_-3_4_4_-1;-0.02708616;-0.2304175;-0.2237857
-3_-3_4_-5_-1;-0.1315791;-0.1398561;-0.2171927
-3_2_4_0_1;-0.0232181;-0.08045492;-0.08919086
-3_2_4_4_1;-0.00355562;-0.08333477;-0.08563485
-3_2_4_-5_1;-0.5619524;-0.08140778;-0.07536822
-2_2_4_0_1;9.482147E-05;0.03681624;1.574225
-2_2_4_4_1;-5.599251E-07;-5.04143E-07;1.09063
-2_2_4_-5_1;-0.02679664;1.601211;-4.265811E-05
-1_2_4_-5_1;7.203367E-05;6.214994;4.073841E-06
-1_2_4_0_1;1.125439E-16;1.286611E-05;6.217079
-1_2_4_4_1;5.686E-05;5.16019E-18;5.16019E-18
-4_0_-5_0_-1;-0.02937753;-0.0334723;-0.03811411
-4_0_-5_-5_-1;-0.02565858;-0.03275169;-0.04987219
-4_0_-5_4_-1;-0.0287514;-0.03260813;-0.02258915
-3_0_-5_-5_-1;-0.02693426;-0.0293835;-0.03029669
-3_0_-5_4_-1;-0.02386331;-0.03181237;-0.03302903
-3_0_-5_0_-1;-0.0295508;-0.03161785;-0.04310462
-2_0_-5_0_-1;-6.221603E-07;0.1668629;0.2531177
-2_0_-5_-5_-1;-1.171873E-06;0.2513285;0.1528053
-2_0_4_4_-1;-0.01275499;-0.003296021;-0.002748846
-1_0_4_-5_-1;0.01034299;5.54879E-15;6.512057
0_0_4_-5_-1;5.528281E-18;1.211817E-07;7.009215
0_-2_4_0_-1;6.188665E-06;8.458874;0.1322478
-1_-2_4_0_-1;3.182976E-07;6.189404E-05;8.775575
-1_-2_4_4_-1;4.236317E-17;6.539165E-16;0.3682173
-1_-2_4_-5_-1;7.259858E-17;8.700212;6.887961E-16
-2_-2_4_4_-1;-0.001779747;-0.001669386;-0.001878834
-2_-2_4_0_-1;-0.001524005;-0.002572141;-0.002868692
-2_-2_4_-5_-1;-0.001911926;-0.002912987;-0.002958018
-3_-2_4_4_-1;-0.00654977;-0.008669239;-0.003529279
-3_-2_4_0_-1;-0.006252265;-0.008333435;-0.003265728
-3_-2_4_-5_-1;-0.00499306;-0.002703289;-0.003364281
-4_-2_4_4_-1;-0.006531327;-0.01159661;-0.04427646
-4_-2_4_-5_-1;-0.02886465;-0.05187684;-0.01118998
-4_-2_4_0_-1;-0.04338382;-0.05826589;-0.03887223
-5_-2_4_4_-1;-0.03826272;-0.03443448;-0.04432011
-5_-2_4_0_-1;-0.04572638;-0.04779996;-0.05142076
-5_-2_4_-5_-1;-0.02752126;-0.05141245;-0.04642748
0_1_-5_4_1;2.832439E-17;1.738432;5.793747E-18
0_1_-5_0_1;0.5949133;1.68011E-15;5.636023
0_1_-5_-5_1;2.654337E-17;5.724695;5.620658E-06
1_1_-5_-5_1;-2.534238E-10;1.584666;1.218411
1_1_-5_0_1;-0.02646928;0.1172366;1.614682
1_1_-5_4_1;-6.283511E-06;0.2419824;1.376908
2_1_-5_-5_1;-0.04930384;-0.06049314;-0.06030472
2_1_4_0_1;-0.006239507;-0.0107908;-0.009412575
2_1_4_4_1;-0.006522929;-0.01138375;-0.009184098
2_1_4_-5_1;-0.006341008;-0.0115073;-0.003417217
3_1_4_-5_1;-0.0007722613;-0.001275379;-0.01476877
3_1_4_0_1;-0.002009162;-0.01111705;-0.01583845
3_1_4_4_1;-0.002772202;-0.01820473;-0.01349973
4_1_4_0_1;-0.0310167;-0.05528642;-0.04765061
4_1_4_-5_1;-0.0287618;-0.05700823;-0.04740094
4_1_4_4_1;-0.03069085;-0.05416927;-0.05366003
5_1_4_-5_1;-0.03090496;-0.05717529;-0.0526816
5_1_4_0_1;-0.03091383;-0.0527926;-0.05467726
5_1_4_4_1;-0.02575591;-0.04779855;-0.04968829
5_-2_4_-5_-1;-2.443725E-18;-5.608341E-18;-4.137225E-18
6_-2_4_-5_-1;-2.51683E-18;5.868974E-18;2.78739E-18
5_-2_4_4_-1;-3.097134E-18;-5.6995E-18;-4.493596E-18
5_-2_4_0_-1;-3.155E-18;-5.893982E-18;-4.662702E-18
4_-2_4_4_-1;-7.282848E-17;-2.183638E-16;-1.914051E-16
4_-2_4_0_-1;-1.261333E-16;-2.075916E-16;-1.951818E-16
4_-2_4_-5_-1;-1.041228E-16;-2.279305E-16;-1.9535E-16
3_-2_4_4_-1;-0.002555539;-5.11382E-09;-0.004067434
3_-2_4_-5_-1;-0.003904984;-0.003986842;-0.006744003
3_-2_4_0_-1;-0.002874561;-5.588504E-09;-0.003590018
2_-2_4_4_-1;-0.004150535;-0.007951976;-0.007673264
2_-2_4_-5_-1;-0.004182644;-0.007711995;-0.007512017
2_-2_4_0_-1;-0.004238056;-0.007634563;-0.007559703
1_2_4_-5_1;0.001244574;1.456813;2.742161E-13
1_2_4_4_1;2.448964E-07;1.296216;0.4077982
1_2_4_0_1;0.001033166;0.709146;1.486348
0_2_4_4_1;5.926776E-18;5.880044E-14;5.364932
0_2_4_0_1;0.7206533;7.02761;4.259496
-2_-3_4_4_-1;-3.234168E-19;0.530536;6.101787E-18
2_2_4_-5_1;-0.334298;-1.470675;-1.721918
2_2_4_4_1;-0.04002092;-0.6180879;-1.933098
2_2_4_0_1;-0.04020387;-1.564537;-1.737407
3_2_4_-5_1;-1.336645;-1.971349;-1.955362
3_2_4_0_1;-1.337196;-2.38989;-2.277663
3_-3_4_4_-1;-0.001662976;-0.001944226;-0.0001101551
3_-3_4_0_-1;-0.001772766;-0.001608464;-0.0001178035
3_-3_4_-5_-1;-8.099973E-05;-7.734534E-05;-0.00010298
2_-3_4_4_-1;-0.02109782;-0.04707818;-0.04613777
2_-3_4_0_-1;-0.01548339;-0.05080327;-0.03968995
2_-3_4_-5_-1;-0.009520809;-0.05147868;-0.04433385
1_-3_4_4_-1;0.189784;-0.05073391;-0.06585856
1_-3_4_0_-1;-0.02756438;-0.05169132;-0.05444485
0_-3_4_0_-1;0.03557381;7.10351;0.09646048
3_2_4_4_1;-1.207685;-2.249722;-1.370581
4_2_4_0_1;-1.367189;-1.13691;-1.992489
4_2_4_4_1;-1.301388;-1.848852;-2.384852
4_2_4_-5_1;-1.364367;-1.941606;-2.140401
5_2_4_0_1;-1.022604;-0.001096851;-0.001114858
5_2_4_4_1;-0.0005758586;-0.001118722;-0.001145555
5_2_4_-5_1;-0.05443902;-1.07244;-1.259535
6_2_4_-5_1;-0.0006916297;-0.001084277;-0.001078744
6_2_4_0_1;-0.000696539;-0.001260354;-0.001185944
6_2_4_4_1;-0.0006882884;-0.001208471;-0.001272411
7_2_4_-5_1;-0.0004311135;-0.0005012221;-2.269207E-16
7_2_4_0_1;-8.068519E-06;-2.206989E-16;-0.01469275
7_2_4_4_1;-0.0005186825;-2.161858E-16;-2.162502E-16
8_2_4_-5_1;6.486898E-18;-8.285051E-17;6.486898E-18
8_2_4_0_1;-1.088723E-16;6.487547E-18;6.487547E-18
1_0_5_-5_-1;0.007204782;-2.043451E-16;-2.526927E-16
0_0_4_0_-1;0.2576144;1.149502E-17;1.149502E-17
-4_-3_4_0_-1;-0.02423115;-0.02688663;-0.1018203
-4_-3_4_4_-1;-0.02709799;-0.2187507;-0.2074679
-4_-3_4_-5_-1;-0.02438016;-0.1821868;-0.0712769
-5_-3_4_0_-1;-0.02696457;-0.2288702;-0.2961135
-5_-3_4_4_-1;-0.7666817;-0.05095356;-0.6001292
-5_-3_4_-5_-1;-0.7428556;-0.7245142;-0.2938641
-6_-3_4_4_-1;-0.9923473;-1.099079;-1.165228
-6_-3_4_0_-1;-0.243591;-0.3040231;-0.4394849
-6_-3_4_-5_-1;-0.6950065;-0.5794669;-0.6063305
-6_2_4_-5_1;-0.07355004;-0.1305589;-0.1343949
-6_2_4_0_1;-0.09115883;-0.05843008;-0.1234086
-6_2_4_4_1;-0.05863107;-0.121892;-0.1398951
-5_2_4_-5_1;-0.7625029;-0.9219543;-0.9825714
-5_2_4_4_1;-0.8326948;-1.26944;-1.308879
-5_2_4_0_1;-0.7600797;-1.244909;-1.26843
-4_2_4_-5_1;-0.843943;-1.178101;-1.444254
-4_2_4_4_1;-0.2613965;-1.113052;-1.580705
-4_2_4_0_1;-0.02864899;-1.117582;-1.256722
0_2_4_-5_1;3.765839E-15;6.025669;0.0005901319
1_4_4_0_1;3.023386E-17;3.023386E-17;0.02094625
-4_-2_-5_0_-1;-0.04553955;-0.05070784;-0.04850276
-4_-2_-5_-5_-1;-0.03635843;-0.04105169;-0.03655539
-4_-2_-5_4_-1;-0.03739179;-0.04799589;-0.04230811
-5_-2_-5_4_-1;-0.03676942;-0.06815601;-0.06936541
-5_-2_-5_-5_-1;-0.03746432;-0.06438538;-0.06817605
-5_-2_-5_0_-1;-0.03643642;-0.07015886;-0.06979603
-6_-2_-5_0_-1;-0.03775174;-0.07038859;-0.07004701
-6_-2_-5_4_-1;-0.03751871;-0.06602328;-0.06691589
-6_-2_-5_-5_-1;-0.03757697;-0.06928863;-0.05711498
-2_-1_-5_4_-1;9.458565E-20;1.783639E-16;0.1642005
-2_-1_-5_0_-1;4.322566E-19;5.392764E-05;0.3108155
-2_-1_-5_-5_-1;1.199598E-19;0.03642279;2.07836E-13
-4_-1_4_4_-1;-0.7856191;-0.9788527;-1.159792
-4_-1_4_0_-1;-0.5705037;-1.022792;-1.657813
-4_-1_4_-5_-1;-0.8371594;-0.8071666;-1.247946
-5_-1_4_4_-1;-0.9179463;-1.034335;-1.542461
-5_-1_4_0_-1;-1.113212;-2.090405;-1.212867
-5_-1_4_-5_-1;-0.9043913;-0.9857628;-0.9934868
-6_-1_4_4_-1;-0.05073777;-0.05154365;-0.06041669
-6_-1_4_0_-1;-0.02259484;-0.08094157;-0.04704828
-1_-2_-5_-5_-1;1.940125E-08;3.180468;1.840667E-07
0_-2_-5_-5_-1;5.795093E-15;2.118601;0.002726641
-1_-2_-5_4_-1;3.571144E-17;4.166358;3.571144E-17
-1_-2_-5_0_-1;0.2279917;9.412493;1.05039
-2_-2_-5_0_-1;0.3454391;3.75468;0.01574614
-3_-2_-5_0_-1;-0.04489987;-0.04580743;-0.06626405
-3_-2_-5_4_-1;-0.04484412;-0.06109945;-0.04193856
-3_-2_-5_-5_-1;-0.03647767;-0.03877475;-0.06784449
-3_1_-5_0_1;-0.03802575;-0.06912582;-0.07038012
-3_1_-5_4_1;-0.03750689;-0.06689005;-0.06560286
-2_1_-5_-5_1;0.0008099601;0.07546192;1.408128
-2_1_-5_0_1;-1.66193E-18;9.004103E-15;0.4652682
-2_1_-5_4_1;2.057212E-16;0.09761448;3.59839E-17
-1_1_-5_-5_1;8.57306E-13;3.966665E-08;6.730999
-1_1_-5_0_1;0.0002817436;9.589166E-08;1.678546
-1_1_-5_4_1;0.0004120795;3.605234E-17;3.605234E-17
-1_0_4_0_-1;1.049148E-14;4.824966E-07;4.235737
-4_1_-5_0_1;-0.03457004;-0.04574431;-0.03998818
-4_1_-5_-5_1;-0.02831839;-0.03535062;-0.003934941
-4_1_-5_4_1;-0.02721871;-0.03492797;-0.02615627
-3_1_-5_-5_1;-0.0377746;-0.06291465;-0.06834809
2_1_-5_4_1;-0.04927307;-0.05397854;-0.06349742
2_1_-5_0_1;-0.03161711;-0.03029381;-0.0742472
3_1_-5_-5_1;-1.231768E-11;-2.307464E-11;-2.090155E-11
3_1_-5_0_1;-1.29898E-11;-2.259216E-11;-2.214149E-11
3_1_-5_4_1;-1.269806E-11;-2.269331E-11;-2.290307E-11
4_1_-5_-5_1;-1.294166E-11;-2.482828E-11;-2.430601E-11
4_1_-5_0_1;-1.345387E-11;-2.476053E-11;-2.461044E-11
5_2_-5_-5_1;-0.01810583;-0.03307048;-0.03405649
5_2_-5_0_1;-0.01852053;-0.03263716;-0.03212501
5_2_-5_4_1;-0.01797866;-0.02995245;-0.0290096
6_2_-5_-5_1;-0.01878308;-0.03171955;-0.03132423
6_2_-5_0_1;-0.01851767;-0.02810973;-0.03143521
6_2_-5_4_1;-0.01910748;-0.03334535;-0.0328601
7_2_-5_0_1;-0.01885012;-0.03189741;-0.03274781
7_2_-5_4_1;-0.01908734;-0.03258679;-0.02767176
7_2_-5_-5_1;-0.01773595;-0.03242109;-0.0325079
7_-3_-5_4_-1;-1.603612E-05;-1.264334E-05;-5.219162E-13
7_-3_-5_0_-1;-1.791783E-05;-2.619621E-13;-3.510966E-13
7_-3_-5_-5_-1;-4.33409E-13;-2.782796E-13;-4.586226E-13
6_-3_-5_4_-1;-2.117237E-05;-2.324547E-05;-2.948241E-05
6_-3_-5_0_-1;-1.814976E-05;-1.979549E-05;-1.542944E-05
6_-3_-5_-5_-1;-1.770808E-05;-1.802417E-05;-3.117803E-05
5_-3_-5_0_-1;-1.860556E-05;-3.587557E-05;-3.481733E-05
5_-3_-5_4_-1;-1.802483E-05;-2.521505E-05;-3.035528E-05
5_-3_-5_-5_-1;-2.08318E-05;-2.823277E-05;-3.285646E-05
4_-3_-5_4_-1;-2.129495E-05;-3.851886E-05;-3.078533E-05
1_-2_4_4_-1;-0.002857054;0.009318775;0.06277276
1_-2_4_-5_-1;0.02527129;0.01032351;0.01729314
1_-2_4_0_-1;-0.004258506;0.01069188;0.01615551
0_-2_4_4_-1;0.323703;4.147449E-17;4.147449E-17
0_-2_4_-5_-1;4.152844E-17;8.472019;4.978042
0_-2_-5_0_-1;0.0005201169;10.14804;1.043819
-2_1_4_0_1;0.0006871687;-3.311072E-06;0.7885062
-1_1_4_0_1;0.000145564;2.339128E-07;3.235652
-2_1_4_4_1;6.220666E-17;1.010016E-16;0.01419472
-3_1_4_4_1;-0.02644485;-0.1222651;-0.03786229
-3_1_4_0_1;-0.6208936;-0.9288301;-0.5018547
-2_1_4_-5_1;2.050857E-05;0.7425339;-1.971673E-14
-1_1_4_-5_1;0.0008587725;3.193995;4.249472E-17
-1_1_4_4_1;4.250747E-17;0.002633325;4.250747E-17
0_1_4_0_1;0.1415855;4.738362;7.125106E-14
-2_-2_-5_4_-1;4.310248E-17;4.310248E-17;1.031628
-2_-2_-5_-5_-1;4.310679E-17;3.031045;4.310679E-17
-7_-2_-5_0_-1;-0.03777829;-0.06991909;-0.0686203
-7_-2_-5_4_-1;-0.03672809;-0.06268862;-0.06708848
-7_-2_-5_-5_-1;-0.03646668;-0.0635087;-0.06029053
-8_-2_-5_4_-1;-0.00177005;-0.002263449;-0.002108616
-8_-2_-5_0_-1;-0.002248023;-0.002230571;-0.00326997
-8_-2_-5_-5_-1;-0.001991009;-0.002200286;-0.002039823
-6_-1_4_-5_-1;-0.02277002;-0.05615499;-0.07146164
-7_-1_4_4_-1;-0.05167438;-0.0966654;-0.0981153
-7_-1_4_0_-1;-0.0524044;-0.09895948;-0.09932217
-7_-1_4_-5_-1;-0.0524581;-0.09668178;-0.09172747
1_4_4_-1_1;5.231015E-17;3.246491E-16;5.231015E-17
3_-2_-5_-5_-1;-1.055123E-05;-1.914654E-05;-1.779539E-05
3_-2_-5_4_-1;-7.672583E-06;-1.857821E-05;-1.283683E-05
3_-2_-5_0_-1;-1.272801E-05;-1.744314E-05;-1.673247E-05
2_-2_-5_4_-1;-0.005676422;-0.009636841;-0.009327853
2_-2_-5_-5_-1;-0.03454704;-0.009828079;-0.01031087
2_-2_-5_0_-1;-0.005311379;-0.007082773;-0.01027314
1_-2_-5_4_-1;-1.118946E-05;0.2341182;-1.035717E-05
1_-2_-5_0_-1;0.139727;4.113649E-06;0.0005125226
1_-2_-5_-5_-1;-1.273355E-05;0.01057289;-1.045987E-05
3_-1_-5_-5_-1;-0.005339713;-0.009667322;-0.009871851
3_-1_-5_0_-1;-0.005421292;-0.009910014;-0.01016948
3_-1_-5_4_-1;-0.005453908;-0.01011151;-0.009823957
-4_1_4_4_1;-1.735579;-2.002171;-1.831972
-4_1_4_-5_1;-1.708477;-2.006124;-1.830712
-4_1_4_0_1;-1.86033;-2.043543;-2.039525
-3_1_4_-5_1;-0.5472338;-0.1442513;-0.06297262
0_1_4_-5_1;6.228366E-17;2.752126;3.643823E-15
-4_-3_-5_4_-1;-0.04004106;-0.06230931;-0.04603291
-4_-3_-5_0_-1;-0.03634711;-0.03998305;-0.03023864
-4_-3_-5_-5_-1;-0.02451386;-0.02670783;-0.0461596
-5_-3_-5_4_-1;-0.02451066;-0.04993151;-0.04021155
-5_-3_-5_0_-1;-0.03367464;-0.04106299;-0.03030917
-5_-3_-5_-5_-1;-0.02066751;-0.05521936;-0.05862353
-6_-3_-5_4_-1;-0.02156852;-0.03445243;-0.01034309
-6_-3_-5_0_-1;-0.02495576;-0.04033832;-0.03804386
-6_-3_-5_-5_-1;-0.01901616;-0.03197691;-0.02631004
-6_2_-5_-5_1;-0.02119505;-0.02786868;-0.01058125
-6_2_-5_0_1;-0.02509576;-0.04019842;-0.02760439
-6_2_-5_4_1;-0.02173522;-0.01029127;-0.02575553
-5_2_-5_-5_1;-0.02244799;-0.009990898;-0.008807556
-5_2_-5_0_1;-0.03930644;-0.0463926;-0.0311395
-5_2_-5_4_1;-0.04085239;-0.06861049;-0.04838312
-3_0_4_0_-1;-0.02973431;-0.8740851;-1.333861
-3_0_4_-5_-1;-0.9389203;-1.463331;-1.534874
-3_0_4_4_-1;-0.2370144;-0.8714839;-0.8143984
-2_0_4_-5_-1;-0.002821428;-0.005835853;1.280114
-2_0_4_0_-1;-0.01797624;-0.006715395;0.784286
-1_0_4_4_-1;1.505294E-08;7.574024E-17;0.05525954
1_1_4_0_1;0.4869685;-0.001337269;-0.001099802
1_1_4_4_1;0.03374858;-0.001379391;-1.670094E-06
1_1_4_-5_1;-0.0005474298;-0.001166014;-0.0007212324
-7_-3_4_4_-1;-1.083268;-1.330889;-1.549908
-7_-3_4_0_-1;-0.9410926;-0.7777246;-0.5934399
-7_-3_4_-5_-1;-0.7853027;-1.342662;-1.435751
-7_2_4_0_1;-0.09333961;-0.1386726;-0.1379677
-7_2_4_-5_1;-0.05601237;-0.1178332;-0.09249769
-7_2_4_4_1;-0.08492051;-0.1014861;-0.05870897
0_1_4_4_1;0.0001358288;4.722328;1.189618E-07
0_-2_-5_4_-1;9.89014E-17;8.020621;9.89014E-17
-4_-1_-5_0_-1;-0.02269366;-0.04229524;-0.04216322
-4_-1_-5_-5_-1;-0.02214053;-0.04206422;-0.04146571
-4_-1_-5_4_-1;-0.02246053;-0.04258835;-0.04023613
-3_-1_-5_-5_-1;-0.001154027;-0.002109582;-0.002157109
-3_-1_-5_0_-1;-0.001204299;-0.002182721;-0.001981062
-3_-1_-5_4_-1;-0.001159349;-0.002196744;-0.0021286
-6_-2_4_4_-1;-0.03893641;-0.04997173;-0.06081704
-6_-2_4_0_-1;-0.04584187;-0.08521233;-0.08598576
-6_-2_4_-5_-1;-0.04327701;-0.05653145;-0.0497616
-6_1_4_0_1;-0.2939084;-1.841215;-1.427592
-6_1_4_4_1;-1.129197;-0.4289262;-0.4647137
-6_1_4_-5_1;-0.2665893;-1.096689;-0.4881409
-5_1_4_-5_1;-1.114953;-1.089021;-2.67591
-5_1_4_4_1;-1.400052;-3.193023;-1.202076
-5_1_4_0_1;-1.85681;-1.623967;-2.663301
-8_-3_4_0_-1;-1.034527;-1.189563;-1.499944
-8_-3_4_4_-1;-1.070561;-1.390148;-1.967998
-8_2_4_0_1;-0.09311567;-0.1292097;-0.05007639
-8_2_4_-5_1;-0.02284873;-0.02865593;-0.02986354
-8_2_4_4_1;-0.006027047;-0.03760123;-0.0008173268
-8_-3_4_-5_-1;-1.003174;-1.934118;-1.700969
-2_-3_4_-5_-1;-1.521978E-15;-0.0732593;3.564306
-7_-3_-5_0_-1;-0.02498624;-0.02917787;-0.02972389
-7_-3_-5_4_-1;-0.02149872;-0.01136675;-0.02572322
-7_-3_-5_-5_-1;-0.01990892;-0.0378091;-0.008921036
-8_-3_-5_4_-1;-0.01807694;-0.009515419;-0.01961135
-8_-3_-5_-5_-1;-0.01579248;-0.03152299;-0.03252789
-8_-3_-5_0_-1;-0.02490457;-0.0357603;-0.02496753
-7_2_-5_-5_1;-0.02275582;-0.03827014;-0.03914326
-8_2_-5_4_1;-0.005537644;-0.03389626;-0.01987891
-7_2_-5_0_1;-0.02506588;-0.03480426;-0.03493132
-5_-1_-5_0_-1;-0.00129882;-0.002398825;-0.001732143
-5_-1_-5_4_-1;-0.001132259;-0.001340487;-0.001236209
-5_-1_-5_-5_-1;-0.0006091171;-0.001790191;-0.001145457
-8_-1_4_0_-1;-4.441089E-06;-7.773974E-06;-6.185587E-06
-8_-1_4_4_-1;-3.955493E-06;-6.284578E-06;-6.531793E-06
-8_-1_4_-5_-1;-3.832752E-06;-7.232356E-06;-5.345479E-06
-4_0_4_0_-1;-0.6751629;-1.335393;-0.9514083
-4_0_4_-5_-1;-0.8578907;-0.04678119;-0.06334571
-4_0_4_4_-1;-0.4539127;-1.071405;-0.714727
-5_1_-5_4_1;-4.759428E-06;-8.613541E-06;-8.301423E-06
-5_1_-5_0_1;-4.680116E-06;-8.361141E-06;-7.35536E-06
-5_1_-5_-5_1;-4.546547E-06;-8.161611E-06;-7.378202E-06
-8_2_-5_0_1;-0.0200223;-0.03792514;-0.02823945
-8_2_-5_-5_1;-0.01765781;-0.007169178;-0.01511738
-7_2_-5_4_1;-0.02328726;-0.04044506;-0.03911993
1_4_5_0_1;1.564985E-16;1.564985E-16;1.211732E-06
-7_-2_4_0_-1;-0.04594133;-0.04971956;-0.1154008
-7_-2_4_-5_-1;-0.05592549;-0.1648706;-0.09037876
-7_-2_4_4_-1;-0.09132446;-0.08474342;-0.1549122
-8_-2_4_0_-1;-0.04595572;-0.06822252;-0.1338183
-8_-2_4_4_-1;-0.07847583;-0.1490989;-0.1470174
-8_-2_4_-5_-1;-0.0791662;-0.1473579;-0.1039659
0_-3_4_4_-1;2.155649E-16;2.155649E-16;6.280657
-9_-3_4_4_-1;-1.076989;-1.583702;-1.75535
-9_-3_4_0_-1;-1.070836;-1.521116;-1.765159
-9_-3_4_-5_-1;-1.027898;-1.40082;-1.728361
-10_-3_4_4_-1;-2.695634E-08;-1.071365;-0.7695545
-10_-3_4_0_-1;-0.6555205;-0.7103679;-0.9746774
-10_-3_4_-5_-1;-2.272914E-08;-0.9255087;-0.7588862
-9_-2_-5_0_-1;-0.001030613;-0.00188113;-0.002299938
-9_-2_-5_-5_-1;-0.001212173;-0.002122837;-0.002091462
-9_-2_-5_4_-1;-0.001208809;-0.001915137;-0.001906515
4_-3_-5_0_-1;-2.069991E-05;-3.369777E-05;-3.608346E-05
1_-3_4_-5_-1;0.3360706;-0.03624031;-0.06681681
-8_1_4_0_1;-0.04590002;-0.08184391;-0.04575369
-8_1_4_-5_1;-0.02615542;-0.01150915;-0.01035424
-8_1_4_4_1;-0.02551793;-0.07292576;-0.02454475
-7_1_4_0_1;-0.04628029;-0.3837397;-0.4745568
-7_1_4_-5_1;-0.05032182;-0.3502022;-0.4233367
-7_1_4_4_1;-0.1095252;-0.3759573;-0.4601938
1_3_3_-3_1;8.108858E-16;8.108858E-16;2.857488E-11
6_1_4_-5_1;-1.670315E-07;-1.082155E-07;-1.479773E-07
6_1_4_4_1;-1.435024E-07;-1.280839E-07;-1.467968E-07
6_1_4_0_1;-1.068066E-07;-2.585417E-09;-2.377575E-09
7_1_4_-5_1;-2.527857E-14;-4.175446E-14;-4.639129E-14
7_1_4_4_1;-2.553974E-14;-4.09322E-14;-4.749151E-14
7_1_4_0_1;-2.366989E-14;-3.773892E-14;-4.392156E-14
8_1_4_-5_1;-2.178072E-14;-2.043902E-14;-3.523971E-14
8_1_4_4_1;-2.412603E-14;-2.910411E-14;-1.727351E-14
8_1_4_0_1;-1.607371E-14;-2.174616E-14;-1.060168E-14
3_0_-5_0_-1;-0.03194061;-0.0601399;-0.05927173
3_0_-5_4_-1;-0.03216509;-0.06004858;-0.05988596
3_0_-5_-5_-1;-0.03179184;-0.05861793;-0.05994492
4_0_4_0_-1;-0.02012285;-0.03229207;-0.0430195
4_0_4_-5_-1;-0.001092628;-0.03384837;-0.0398585
4_0_4_4_-1;-0.01021421;-0.03882575;-0.04508493
5_0_4_0_-1;-2.024778E-14;-3.253386E-14;-3.618025E-14
5_0_4_-5_-1;-2.389941E-14;-4.227818E-14;-4.346188E-14
5_0_4_4_-1;-2.439229E-14;-4.281589E-14;-4.162986E-14
4_-3_4_-5_-1;-0.02032457;-0.02918078;-0.0001519803
-6_-1_-5_0_-1;-2.685013E-05;-4.99649E-05;-4.939124E-05
-6_-1_-5_4_-1;-2.667056E-05;-4.773636E-05;-4.859246E-05
-6_-1_-5_-5_-1;-2.580394E-05;-4.538101E-05;-4.808876E-05
1_4_4_-3_1;4.06231E-15;4.06231E-15;0.002631292
-1_-3_-4_0_-1;4.13403E-15;3.587795E-05;4.13403E-15
-10_-2_-5_0_-1;-1.07191E-07;-1.004569E-05;-7.418064E-06
-8_1_-5_4_1;-1.934141E-08;-2.007754E-08;1.07704E-14
-8_1_-5_-5_1;-1.576491E-08;-2.707988E-08;1.158956E-14
-7_1_-5_-5_1;-3.304932E-08;-5.506152E-08;-5.603451E-08
-7_1_-5_4_1;-2.524747E-08;-5.966778E-08;-5.540281E-08
-7_1_-5_0_1;-3.484382E-08;-6.41024E-08;-5.973409E-08
-6_1_-5_-5_1;-2.235459E-08;-3.126014E-08;-5.533876E-07
-6_1_-5_0_1;-7.868274E-07;-7.98752E-07;-5.696406E-07
-6_1_-5_4_1;-8.174157E-07;-1.1478E-06;-8.333482E-07
-2_0_4_2_-1;1.064224E-13;1.542122E-11;1.064224E-13
-2_0_5_0_-1;3.797866E-05;1.064331E-13;1.064331E-13
-2_0_5_4_-1;1.064437E-13;1.064437E-13;0.0001024613
-2_0_5_-5_-1;1.064544E-13;7.209853E-05;1.064544E-13
-7_-1_-5_4_-1;-2.443446E-11;1.083432E-13;2.249894E-13
-7_-1_-5_0_-1;-4.041391E-11;-3.201831E-11;-6.541397E-07
-9_-2_4_4_-1;-0.07165148;-0.1378209;-0.04468434
-9_-2_4_-5_-1;-0.07827993;-0.05214467;-0.1010957
3_-1_4_0_-1;-0.01585397;-0.01724121;-0.01713425
3_-1_4_4_-1;-0.01561696;-0.01489819;-0.01347984
3_-1_4_-5_-1;-0.01084447;-0.01331681;-0.01864962
-9_-2_4_0_-1;-0.07959317;-0.083105;-0.1266119
1_0_4_-3_-1;7.115959E-13;7.115959E-13;2.553958E-10
1_4_3_3_1;1.139323E-11;1.694858E-12;1.694858E-12
-10_-2_-5_4_-1;-6.757581E-06;-4.915778E-08;-7.990839E-06
-1_-1_4_0_-1;1.100328E-11;1.100328E-11;1.358725
4_1_-5_4_1;-1.3447E-11;-2.499763E-11;-2.46178E-11
5_1_-5_-5_1;-6.832439E-12;-1.810326E-11;-1.409196E-11
5_1_-5_4_1;-6.761409E-12;-1.059455E-11;-1.66802E-11
5_1_-5_0_1;-1.165119E-11;-2.053693E-11;-1.756011E-11
6_1_-5_-5_1;-1.132091E-11;-1.693174E-11;-1.946819E-11
6_1_-5_0_1;-1.137743E-11;-2.261788E-11;-2.289466E-11
6_1_-5_4_1;-1.27639E-12;-1.42605E-11;-1.951235E-11
7_1_-5_-5_1;7.184732E-12;1.155876E-11;2.499895E-11
7_1_-5_0_1;-1.291409E-12;2.500145E-11;1.68726E-11
7_1_-5_4_1;-3.449391E-12;2.500645E-11;1.867569E-11
6_-3_4_4_-1;-0.0275833;-0.03986815;-0.038987
6_-3_4_0_-1;-0.02529305;-0.04287403;-0.03378038
6_-3_4_-5_-1;-0.02655935;-0.03420626;-0.0396525
5_-3_4_0_-1;-0.02756733;-0.04364179;-0.04249438
5_-3_4_4_-1;-0.02648563;-0.04595507;-0.04943028
5_-3_4_-5_-1;-0.0277259;-0.03939564;-0.0451131
4_-3_4_0_-1;-0.02008091;-0.0163039;-0.02308746
4_-3_4_4_-1;-0.02589386;-0.02915649;-0.01606797
-2_-1_4_-1_-1;2.352161E-08;6.486926E-08;2.352161E-08
-2_-5_4_-1_-1;1.367236E-06;2.352631E-08;2.352631E-08
-8_1_-5_0_1;-2.950994E-08;-4.628556E-08;-2.057658E-08
1_4_4_1_1;9.025938E-08;9.025938E-08;1.977154E-05
-2_-5_4_0_-1;1.440716E-07;1.108306E-06;1.440716E-07
-2_-4_3_2_-1;1.465565E-07;4.960172E-06;1.465565E-07
-2_-5_4_2_-1;1.896962E-07;1.537138E-06;1.896962E-07
-10_-2_-5_-5_-1;1.634002E-08;-8.975526E-06;2.415886E-07
-10_-2_4_4_-1;-0.009613886;-7.949486E-05;-0.01037445
-10_-2_4_0_-1;-8.297947E-05;-5.971329E-05;-0.01070258
-2_0_4_1_-1;2.818268E-05;6.923675E-06;6.923675E-06
-9_-3_-5_0_-1;-5.122786E-05;-9.411828E-05;-6.242111E-05
-9_-3_-5_4_-1;-2.512347E-05;-5.274456E-05;-5.380883E-05
-9_-3_-5_-5_-1;-3.274427E-05;-5.587997E-05;-6.904868E-05
7_-3_4_-5_-1;-0.01601636;-0.01668939;-0.01469511
7_-3_4_4_-1;-0.01504188;0.001316469;0.001316469
1_0_5_-3_-1;0.002642928;0.002642928;0.01305665
1_5_4_0_1;0.02729593;0.007959322;0.007959322
8_2_-5_-5_1;-0.01333865;-0.007993579;-0.01744357
8_2_-5_0_1;0.002329318;-0.005425657;-0.01598141
8_2_-5_4_1;-0.006355145;-0.004620625;0.006328126
9_2_-5_-5_1;-0.006696737;0.03617328;0.02161539
9_2_-5_4_1;0.03618051;0.02024419;0.03618051
9_2_-5_0_1;0.03618413;0.01979734;0.03618413
